{
  "SA": {
    "conservative": {
      "weighted": 3205.712781900481,
      "makespan": 503.8127819004809,
      "cost": 2701.9,
      "queue_time": 21.86274438050117,
      "charging_time": 166.25443307516912,
      "energy_kwh": 167.54000000000002,
      "runtime": 56.08568549156189
    },
    "balanced": {
      "weighted": 2925.2277072719885,
      "makespan": 495.8077072719883,
      "cost": 2429.42,
      "queue_time": 24.55433141923126,
      "charging_time": 152.36859778966743,
      "energy_kwh": 158.62000000000003,
      "runtime": 83.49302792549133
    },
    "aggressive": {
      "weighted": 2945.966176175661,
      "makespan": 512.0761761756606,
      "cost": 2433.8900000000003,
      "queue_time": 17.630299741480485,
      "charging_time": 163.53093259464455,
      "energy_kwh": 157.32000000000002,
      "runtime": 94.96739840507507
    }
  },
  "GA": {
    "small_pop": {
      "weighted": 2132.3990089890485,
      "makespan": 485.4175337122127,
      "cost": 1646.9814752768357,
      "queue_time": 7.707345374917125,
      "charging_time": 78.28145454541935,
      "energy_kwh": 93.13192152539025,
      "runtime": 134.4664945602417
    },
    "balanced": {
      "weighted": 2019.9706638074879,
      "makespan": 495.59066380748806,
      "cost": 1524.3799999999999,
      "queue_time": 43.515614917360594,
      "charging_time": 75.66284131381086,
      "energy_kwh": 87.44,
      "runtime": 168.00251150131226
    },
    "large_pop": {
      "weighted": 1895.3500327367287,
      "makespan": 491.46210498160684,
      "cost": 1403.8879277551218,
      "queue_time": 41.028044913586115,
      "charging_time": 44.444414016782645,
      "energy_kwh": 70.19439638775609,
      "runtime": 180.86841297149658
    }
  },
  "PSO": {
    "exploration": {
      "weighted": 2156.446388219089,
      "makespan": 531.575388219089,
      "cost": 1624.871,
      "queue_time": 37.24788972987213,
      "charging_time": 78.95829046299963,
      "energy_kwh": 92.529,
      "runtime": 202.17256140708923
    },
    "balanced": {
      "weighted": 1856.1451650477197,
      "makespan": 515.9901650477196,
      "cost": 1340.155,
      "queue_time": 8.131934516128013,
      "charging_time": 68.22429758607042,
      "energy_kwh": 77.64,
      "runtime": 175.02340602874756
    },
    "exploitation": {
      "weighted": 2920.335020355003,
      "makespan": 501.85441761990853,
      "cost": 2418.4806027350946,
      "queue_time": 26.82906704589857,
      "charging_time": 135.7147953096188,
      "energy_kwh": 145.04574113905304,
      "runtime": 215.0386471748352
    }
  },
  "TLBO": {
    "small": {
      "weighted": 2845.2651038967133,
      "makespan": 492.48542434486006,
      "cost": 2352.7796795518534,
      "queue_time": 9.361820129306395,
      "charging_time": 127.49464331307907,
      "energy_kwh": 136.4051461033046,
      "runtime": 201.6043028831482
    },
    "balanced": {
      "weighted": 2675.708807421742,
      "makespan": 493.8878010594638,
      "cost": 2181.8210063622782,
      "queue_time": 21.55476267013738,
      "charging_time": 121.29886369326424,
      "energy_kwh": 130.47608663886626,
      "runtime": 435.919114112854
    },
    "large": {
      "weighted": 2567.7361259062777,
      "makespan": 500.96497778508314,
      "cost": 2066.7711481211945,
      "queue_time": 27.1072840444767,
      "charging_time": 114.97367131777406,
      "energy_kwh": 123.61970133301634,
      "runtime": 623.1237006187439
    }
  },
  "RL": {
    "quick": {
      "weighted": 5097.895881696429,
      "makespan": 438.49806919642856,
      "cost": 4659.3978125,
      "queue_time": 63.749901068460645,
      "charging_time": 257.3120523452892,
      "energy_kwh": 272.385625,
      "runtime": 112.07065272331238
    },
    "balanced": {
      "weighted": 4851.222067708333,
      "makespan": 439.5261302083333,
      "cost": 4411.6959375,
      "queue_time": 60.29925821923928,
      "charging_time": 235.130945970599,
      "energy_kwh": 255.08562500000005,
      "runtime": 265.8379747867584
    },
    "deep": {
      "weighted": 5584.522973958334,
      "makespan": 434.5217239583333,
      "cost": 5150.00125,
      "queue_time": 86.82127687640147,
      "charging_time": 244.89649135743335,
      "energy_kwh": 289.04031249999997,
      "runtime": 305.5602331161499
    }
  }
}